pj_a4e4018e430ea56a,Front-end/UI Developer (Contractor),/pagead/clk?mo=r&ad=-6NYlbfkN0C6nKFHSiMBxFBp_E9a0ZdPCM_qsZkYnNiPA1S70PNI9Z3raFzP3S3hCyWlPfN8X0kpisIwVw1K-Jag__psEs1JFLyqcoEBURKdQttCfyGK3s5-VZigD13W_5L5GPkuueDguV2LO6wE-6nS9VYL3LX1CH_YOHPCUBpYycM-Oh7KrwB29Qvx11WctCpTYdfy_hQ4VgzJRCgsJAvo6zNjAVVZKJiZuRMr64BudVBlu3HLMij48H9GwgB8dssVKJIryTnBjgl-u9KelwZzVc49c4pwz9eg09knHKFK_o0jGcjD5emcRooXtyZRqFWnI5nHtFc_BZxtmhpgX4PRmuJgW351db9vrtoa38dBoafVUA-WOoaQPr4SJokkSu2VFr9CKrjz-6egNAeE6yMGa33e2m4prEdSpzbSwjUlX-AmenPTEaeSYp5n2yPftwiojgzy-qXntjjPYErNzQ==&p=1&sk=&fvj=0,"Vlocity, Inc","San Francisco, CA",false,1 day ago,,,false
pj_2b70eb096e5bef1a,Front-end Engineer,/pagead/clk?mo=r&ad=-6NYlbfkN0D0fNKCxW8mUQ8pSimGeoUHDirIJ1AR1WyKy6SLwuRWv199J0vPwoxuhh78pO71gzXW_MginNP6jn0sfhR4tHQEmPIm8_Vsq73IgxQIV06E-oufWj9bgzee5r9toJrjD2coH_Oy9QSgSRjiTG4tKHZwwerwCT8kzyTVEBaPx09-6Okc-Jrj3ajV9jr4k2-D3vhIVNyasoXgt_LBHufCkqIwnBfifKv7pnlt2lW-OWq2p2UMoqlKP1waNP1YG3gIWQ5qLz5hD34P0kzY8-DZHGqBCajpmoaFZbGNl2OG0MjxeFj9Sn-b2hU0M2LN5udhh0MoX9qGpiRbGM5NadsTg2FtJLwGqItpAZ7MDQQpS042J30zOmrdFcGJJ-zmR_zZg5waftMBu4Ur48-7AK6UPzsr25t_90Koe4rLGRM_-q4ridt6D3__BCAnrGVwE7x_Ubz3JA9X870v-Q==&p=2&sk=&fvj=0,mLab,"San Francisco, CA",true,14 days ago,,,false
pj_68682b7c73597264,Sr. UI / JavaScript Engineer,/pagead/clk?mo=r&ad=-6NYlbfkN0Ar6chJ4WJnFOGMy3o0gIHJjpuFrV4G4OD2IBMpOsehZtbwyD-W-CqV9Kfmfx7q4JlbYz0XeGyNz6eKM5DVzoroT8weBZ7-s7Zy78y-GxbPcbWaowKR1ZdvhqqSqw-x4vjD2-ZMKjRuYWyNHqDyM9OFWS_iWkPhEvI9UcNcOv5Cu9_J1sAoEBSkl1ewm8VnBOhEU3446Isg6UrLvs6-TEHJ5GaWzSS4i5gBG9n8RZQMgJQWcvzv4QQGt4yFp_8B9h0_v0kGGtQkBLQCPIJ-tSL9GnOprQ8GXcAcsCBkqkaErMcnlXFvNsdN1zw_0L2AoBbdQWMFydbj83xDXwqt9WuWGQqrl8ApTt-vlH0-yNKh9KSAOY8-xNF11G8Uq4pIuNAnKrrMkJVbOfchn4nioiQp5maPCcg1dvxZBPtWs45nby95T7IbOFHz7YaP6cc92J0=&p=3&sk=&fvj=0,"Vera Security, Inc.","Palo Alto, CA",false,27 days ago,,,false
p_bb489ff2a9cb156d,Front-end Engineer,/rc/clk?jk=bb489ff2a9cb156d&fccid=1911d34b28cd2cc9,CreativeLive,"San Francisco, CA 94107 (South Of Market area)",true,3 days ago,,,false
p_9f3566c38e82ddc7,Full-Stack Software Engineer,/rc/clk?jk=9f3566c38e82ddc7&fccid=43e6ef0c84b09501,HireAthena,"San Francisco, CA",true,25 days ago,,,false
p_00d27147d121b01b,Front End Engineer,/rc/clk?jk=00d27147d121b01b&fccid=5295a7f47ed8d2fa,Ticketfly,"San Francisco, CA",false,9 hours ago,,,false
p_2deb8f42b6ac3705,Software Engineer - Full Stack,/rc/clk?jk=2deb8f42b6ac3705&fccid=7466f99853c01dae,Blueshift Labs Inc.,"San Francisco, CA",true,25 days ago,,,false
p_9f12218f5a0f1408,"Software Engineer, Developer Platform (Front End)",/rc/clk?jk=9f12218f5a0f1408&fccid=09abad886b83c501,Square,"San Francisco, CA 94103 (South Of Market area)",false,6 days ago,,,false
p_560bd648aa09ff48,Senior Web Developer _ Angular,/rc/clk?jk=560bd648aa09ff48&fccid=f0e8d71c0cf20619,etouch,"San Francisco, CA",false,4 days ago,,,false
p_c1047960636430cc,Front End Developer,/rc/clk?jk=c1047960636430cc&fccid=939f734123daf0a9,Xero,"San Francisco, CA",false,3 days ago,,,false
p_2b70eb096e5bef1a,Front-end Engineer,/rc/clk?jk=2b70eb096e5bef1a&fccid=8cff02abe13e8c99,mLab,"San Francisco, CA",true,14 days ago,,,false
p_9c5be9fa357e000c,Front-End Engineer,/rc/clk?jk=9c5be9fa357e000c&fccid=9b849596fb2efa44,Insikt,"San Francisco, CA",false,17 days ago,,,false
p_abdee4c4432da7da,Full-Stack Developer - Unity Ads,/rc/clk?jk=abdee4c4432da7da&fccid=880e4714f2ad94a8,Unity Technologies,"San Francisco, CA",true,9 days ago,,,false
pj_1a4fc388f3a5a8e5,Software Engineer - Angular UI,/pagead/clk?mo=r&ad=-6NYlbfkN0BVw-kgDz3CfuUZ-k7gYozKI58gHTAlUnTzebrR5X4sDXdotnbMqRmddfoPDuI2OU3PH9EegSxzQN99nCwKDiSokSaP3sRJfItAROiOG_YuPgDJlHQnkbg0h2Cy-Q6ZTk2W6pEol7_gCCwfJGjkhWkET-cgkKvWGKBuZA9edSvADlE64uFd_TdJmdNMsFDDS-kXA_AzH4w6Nv4PhvhnHcJjnPL4tUkrkXrddauF9f7bxLUfMFhGAOM0lsiwHTJWc05HTXtLSpY7N48eAC2OIWJsztEmOXhbsECB9fIO72GE3fRHHk2qxfwxLdwYFiKH66ZrbrNOrJa-khmmZGMRcvdkPic3mYXjbXfKc0WUGC0hbjuOMJEA1r2ZnQiOZnQBSlrv9b7HM5gml617Bd8Yy9nFXTefumGhr9rX_O3MUqW2perG6qzI6qmGRfgjRLYHbHmPVLp40O8Kd-q_6bP56j2LLJJgohPv5O4sboEKSAV8zuZ5t34nSAJ0O179zas_lS0=&p=4&sk=&fvj=0,"Renaissance Learning, Inc.","Fremont, CA",false,30+ days ago,,,false
pj_7769d580bb2b9e5b,Front End Developer 4,/pagead/clk?mo=r&ad=-6NYlbfkN0BU1JgfV8CfkCliPYi31XGNPAM5K5wYr8XN7Sl7D3Ma_UmVPbfIp9uoztZtbyz98SfjPXTlKf2ganB8qY2OiK0fViA5i6oTK39RIGGotwygJs5SOBFwZkUXCyiDnIDHPsjGhtmt3J3Omrbi_hy-4DcTT5fR6Y6ebrDHZxPqnpgZnVy-1btSy2GxYcAxnQ9jkWu6szrCFaAeypUrkDR8SQXqFnUQhr6myd5mIIcofAbf4MJw_JyTCdXbjVjsI6u1JDue7EsRG1b3HrFIO3StRsrd0A8-FXVKEeCdYUq4Sl5MIVFqd1xm-EgilGwHuHV5mB3Wko4Sxk25XcrJ9PD83Z9IcUaQWq7Jtux2f-fTsSaMUONf6lNK3iQnIYGGu24MoIv6Zm9-TrObUD0pqsFg9Q0xpx384txLCRO9WCQTWQvII7XrQFuqG1MfiprnIiDkEcif7GvvSHiB2j6L5wMXX_kd7Yn_UBz4_3F7WfPllDsVbv_bATN3-gEF8FQmfAYzQXdlhrrokgiaXdHwKP5OCd-2II06p4STexH8B9Q2lCO7VIFFm-DOC6ya_LEkX81mHenVKpIyKSnatGYokbHxif2wz3XZcBZ8sbtfAVyefXe8ZzaZMa5lcMNGqGA-baP0RyMqzYHsaidIMAYI3kdPfwdkHRxSe3O9eDW6FLyEI9PQLw==&p=5&sk=&fvj=0,Wells Fargo,"San Francisco, CA",false,25 days ago,,,false
pj_c3a5f901d2c8bb2c,Software Engineer (Front End),/pagead/clk?mo=r&ad=-6NYlbfkN0AsD5qZUAn59Br5749Y69mKv1IWrIaxWJ5jzgArcUdJ1cZkOWXqTVIrdlIVZ-Id2tIDQ3FuEcF0fLZBO_tIulBMN07XD_x4-aFq35X1H2SWm7w5xwp9Br0hq8O88isxDa-JQbFpexJ-ixnfGPJBD0khv594GuZAdw0mbt4OmZllGgV8m1hQbTBpCVAoNWxEsavmmqwgLu8o9VxrBKDxz1S9PnxaPYkeQi7doe7qLf90Om71LYDBU2qHl02PPj7Rut1bdm6JRPEz86phbBeNZCfhJbKNjLNuRR1zJUVnttmTc88xW4wpzZ8IneiJCSl_vQGaLoyv5e4rorkSJEK21uQWomQkBFHRVDsCnPfGwZ8Ha8mnB3USMy5aSVt94uVabZOY4Sx0GwtXF0UEUiSWCPhzSJtgY-bMheUZYYEOdhv3epgQdcZsJhChQxUtv5swQp2HlzgSONAzEA==&p=1&sk=&fvj=1,Terminal.com,"San Francisco, CA",true,26 days ago,,,false
pj_2dda058b556effa8,Senior Front End Developer,/pagead/clk?mo=r&ad=-6NYlbfkN0COvs0giDBQSZxCgxtGlP9F2rqb7f8qKMvTQKRfo9Z2aDaGB4Ho4cGCVhyyI4RX_WaRtw4TU79SrKAh_m_M7ptjCFr2Uz85LSjk31sOoIbXmZt4eCzpbSHE70BBAmJQs9Ykpneu0dYPbwrGYAnV7XLcJw8P1s_xPRYlyvFwIdx8femWTOdACp6YW3wUMDXzf5DZoeL_YN-S5iPgmdB3I2rCFRiwiq1mAzYEXo4DfEyHcJ-CEH8VXDwKmWdONZUsV40Hgf5DeZMzB-zrnTqdlO_U2D1wT98oPCYKCXwt_gD_eW94EVKmr7k7F7-wBAJ0qI6ZCz959CP-F_nQOiniLbTK_4__52HJGjtg3sTBGWM4pB7OTZln4M1_ZhDzyoxoeLzaf0pLC7eT-Z6XQWsYY2dy-5C8NmMwNZmUHqwiBNS5ENL0-cv7_OpL9jNWGebc9lCuP5rQ6yR3-vv2JCdr4exHnu_37u9v2K2PFWqp9y0KH1Hf2s26VZeBSEs2EUWWI8u7hRKxxL61lR6TtSXBya9WbwUo0tbpyhnL8ZL5CFWXVg==&p=2&sk=&fvj=0,Xero,"San Francisco, CA",false,30+ days ago,,,false
pj_b078eed034d3614a,Angular JS Developer,/pagead/clk?mo=r&ad=-6NYlbfkN0AMNd6tC0S23lhdZ0umHTp0DzufZ-32jGT3Eur2xSP8mecf7li5hsKxPubIqrFWkNaJiRyxqjLukGW9kNunLYLuse3-8-49lyKCNVb4x114jBZ_YJhmbfLyN7heJEEXvENRi9YmQ5XtxYa0JvM_opy1rTbSxvxLq7jZuoIEHCESCvsk6Q6OZi_X1ZgLgWuyNDwbXxrh6LIoOgEoN5dsWqXefjxzsUBaDBDar9lIvx-3AnSjWM69E007Ttd47jzKrwyeN5cx1fyhOO_3J8zwVPA_w-swjXw4taVXE8VnwvrZG58PF9Hd1jxEfJbolmmbQ7oMoNaqFBkf7A1ImA1EDKyPvn4bxRUH3jtpnIPdyEHN_hoF7JhQggrFz023RGQ1B_Acy6-OEC-gAers_XaeedBxf5GARIWXBoawpcefDpYNJtJLhph_wwN3dy92rGipymQirknmrE8LXGe7uqhBQP1Z44rVxl-iKodzO-CMFkuaittd9QF7xJDmz0LcIb3quisC-drrQEu0PoYsXLJQm9-LkmSZpIuQNP0Bqe74s7z7VA==&p=3&sk=&fvj=0,Accenture,United States,false,30+ days ago,,,false
p_5355a16c31838577,Software Engineer - Web,/rc/clk?jk=5355a16c31838577&fccid=f59632831bfda95b,Lantern,"San Francisco, CA 94110 (Mission area)",false,15 days ago,,,false
p_4932183be3c24848,Full Stack Web Developer,/cmp/Inmata-Solutions/jobs/Full-Stack-Web-Developer-4932183be3c24848?r=1&fccid=94a15f605e24d72f,Inmata Solutions,"San Francisco, CA",true,2 days ago,,,false
p_d6697692ae19d6cc,Full-stack Node/JS Developer,/rc/clk?jk=d6697692ae19d6cc&fccid=4222246617164197,ReadMe,"San Francisco, CA",false,18 days ago,,,false
p_63bc829c30acdca0,Sr. Software Engineer (Node) - Storefront and Merchandising Team,/rc/clk?jk=63bc829c30acdca0&fccid=8734a12ed1d7ba12,BigCommerce,"San Francisco, CA",false,20 days ago,,,false
p_4ab1a7093ea78a13,Full Stack Software Engineer,/rc/clk?jk=4ab1a7093ea78a13&fccid=237b236951512063,Wonder Workshop,"San Mateo, CA 94404",false,27 days ago,,,false
p_02b3c708770d5e7a,Front-End Developer,/rc/clk?jk=02b3c708770d5e7a&fccid=7cf620b1ef0018f8,ON24,"San Francisco, CA 94103 (South Of Market area)",false,4 days ago,,,false
p_584ccb2de7668e94,Front-End Engineer,/rc/clk?jk=584ccb2de7668e94&fccid=f2d0ffe36bb2f0f4,Live Nation,"San Francisco, CA 94105 (Financial District area)",false,16 days ago,,,false
p_af8895b94b917d01,Software Developer,/rc/clk?jk=af8895b94b917d01&fccid=2a341562d64c7cdb,University of California San Francisco,"San Francisco, CA",false,9 days ago,,,false
p_f8662811f3fbcc0b,Full Stack Software Engineer (San Francisco),/rc/clk?jk=f8662811f3fbcc0b&fccid=7434d3287335a1df,BookKeeping Express,"San Francisco, CA",true,3 days ago,,,false
p_591f8d3baccdc64a,Software and Web Developer,/rc/clk?jk=591f8d3baccdc64a&fccid=d7c744248a9e6859,Acumen LLC,"Burlingame, CA 94010",false,17 days ago,,,false
pj_c6ef370e2e37a53f,Senior Front-end Engineer,/pagead/clk?mo=r&ad=-6NYlbfkN0CVWV5Lm1bkMVZd3iUtWGce1-0ws9d-ABlYOmQ4br7RIQD0oEvj4ERw3x3nf3E0s-HJo_do1wRV3pCMmlC5XToPRhjBZ3lFhFKa7RHxD8BfVSVJNrgHtXQFKRFzE3IU8I74so_BLiCfn8ikf_s7m08su9cSzwbUhBhVFlmAxOZfLleqMid-EY3gTIwEGcmpae93ZhOhdRaDPMwzGlPQHdWOvLe68-NH2z3voJ9L4492HMD_7CsW_a1-yQCTx0D40Mrleshe-_sURWqJbJt9l_wAR6XgtLun6o4hZaEAViLFevnsn8CvruWc_mOwt6um1doJQ66r4nuTey1siis31veHuVPgVJ9bWkQ7VAC9eKdoWwGQnTivneit&p=4&sk=&fvj=0,if(we),"San Francisco, CA",false,26 days ago,,,false
pj_0bb9bbea72af0863,"Staff ""Front-end"", Full Stack Software Engineer",/pagead/clk?mo=r&ad=-6NYlbfkN0BmWpKopPe3xzqKQ9e0W5p64FNR45ZqG3m_GMatdVcLUCBik8enQH96zD6FLd3xTprHwRg3zRrGUKpzLa79RlO5bIKOzk34VHMrdCunOmcJ6JDRkFhVuk537Tc5vTMx2MVzezuEECnbITCDaxVUnAHDwBmyPhg68GAFzDc7_393SP2VkwVfYppy7pJKYltajbLa3pl0ORb2dRdVqIdffwzmvlm0Bc8tHSWmoiIBnnGLScvC8NQsOA6dNgvuFRGmEgorg69S7vrEUPCh4rVoRFQsiQDlf0BhHl9JCIwQIhLekXNwvVPD-KgoDeJcqD8i-DCTmZVXfkVQsYQLr3I0mi2xsFhw371nup1dGJzPoVO5Q52VQKeQCr1wtWooy_1iwNOexUoG6W_pII4IBjPfmW9vVnnJhVKW_7t_lFBQEiXZQ6GFYlIqxOQ4RCViRLu6VNEMGgaXGqBN6M5NXiRt0Fr3XGzymVzrf_kZ6Z7GWOOvO5gvwVCptJLnvtgjhWZWzjalnJkLOikAMdAzfpGCWtgDIFnFFYi3JJYmc5OCCPDEvYeF_wpcDCMH07NAin7dt3K4WgWHm8TrdYm0gewZZaQzDoLxWLqPE_HTTB4YrjF1zXKOZzgRYdLv23ZUjZKXjOtVwWpSh0m6qonp8RId3dBjRxR2Ffjyye3DhxMWVsep0kKSGN8txkm6VboHJSwhioxP6l4GsOiOCpVkphnheztXM6kYSRHZ--TIMdQHXJygLY3In0DbUhpxo13h0KaiyTBPBvNVBOQ7SBYq4ZqEYjqnYy8h_1Dp9gy_krCp-IUaMXKcwszYC1ueMzTPls5SCssKDpGwgbuLvl5h_PiIfAlMDixM0ExNynA5iBYKGxYknHe__P-JtioKhIFLd4d06F5RZKNVuK3vQA==&p=5&sk=&fvj=0,Intuit,"Mountain View, CA",false,18 days ago,,,false
pj_ff432084197b0dd7,Automation Tester,/pagead/clk?mo=r&ad=-6NYlbfkN0DqADWMjztZoEe-41b0tTgQBaVkGA5szzz_BEXSPFivmGV968wjb5eSSATwb_7MolSZ5r6P4RXhSzLXkm6wtqJbX4kczVE1ma4uEQtJBE9J-J_KBzYGHzyltcfRnLcwSB71vu_AKqCd5kKaJIbTu0BMgUiJZAaolIRq-Jv9eIMXMXtmiO-dcEWplQL0pQinaqCgJDxvQA8HhoEra74iHGdan4cIPzj4i0P_YWv-ar_O4dAq970BSixKzyflPI_ZjZcpa0u8E_Yv0rkxVkC7iI4UXvnBrXG_XwQRQg6zgEu6JS73vpGCOBEtRYRLf3PC4ZMwhGFm_YtkdOZBTyKJPVps0tjIAV6A6YJb7jl3rn4uBli1OcZxX2zUBiijsUV04FdzI5WlGo4W1KzqYfkX2V4K-W-XBSnnoRCXZypkwa4WgR3G4cclVgGL7PPqJfNrJmrwHbzDQEI76O88PrEIjR6M5gC_QAfhM_USbq9rRbap8LFvIBagOH2deUcwoM-iPhKe0KCurbUYSeF1qMHsdXVXcyZo8XXlHpTM7ddn1n0_2iTx1MNSZELHx6RtBVBjkkhR1pspwiFGycvoC8vBsQiMkXEV0I7zVRdGUA9-mpRJ88D6NfGg_MX6GwRBPvcguQhfufva5lOvXP_Pz1shRYMTQ__OnrB8KTFlkNLGdAcLWA==&p=1&sk=&fvj=0,Wells Fargo,"San Francisco, CA",false,5 days ago,,,false
pj_a53ff4dafe51e895,Front End Software Engineer 2,/pagead/clk?mo=r&ad=-6NYlbfkN0BmWpKopPe3xzqKQ9e0W5p64FNR45ZqG3m_GMatdVcLUCBik8enQH96zD6FLd3xTpoFZrjBZZGcIim6fuvZzA3dj5S1RAvIU7FS0IIFWfToyeq39j2UjKb8ExkFWlsiAY3Bfxg2-GLuTprC3MwRLR9niuRS4fcKt9aOrX2dvawUGgjQSEPmmn2LKSPrk_JrmuZgEM6tF1B7Hoip3WE9G0Psd5YmQULIQ-Tt2kca4Bme3BVNbNrNAvfPc-9cp9bwoGJN-2VIKS2uEforA43khNz3LNSYYUwKYoFUwXh2t8Pm_uwYowU-7EsgTAtjg0K2kdCfYrfP5xjSNB_Ym_pSP-hs8E1d5f-yWv2Dz3s4WU8jGXwAUms89ipOTrMKRaI922fhF0I-EdA4b1LA16GB46hIbx1tj-ibSIBE-IBdDGBleR_beWyrPwMJ5c61WloBD_G06EaF4e4z9ODuusbaIXdez3ScE2FGyYVhNQWBKpWsUznJSO7HQJMci_aK8KTQ9Q7RcagRKDhba26E1eU7sKrJY-ETZ1Y61JDBQE2WgbnUEU1UjUWcc6hiZuvyOoZpuXT5QBy8B7sIxLdt25teLd9n_Zr1Jlhk3ejerEpNLyIE3Ty4mROjZwanwUyMv5cVwkI9sKxBezYzK2jCSn-NaLfrZ6XZesV7SidgMYfu8EygnnBVecQ9yT4v2lOfdFIDePeYqRvXpO99mgYhyhQkZQ16g33umnTR-js_8xepHY4WsjZaJ_D-9_WY0ZKYZ7Mv1AxJepWYoVYbiDNTKXe0ntOFt1jS3irfFK2ASPUHmlig5LWdGTSjX0yENXHfXUk_0QAhl53uX3iXhzS_FuJ4kNaxfAuMN2X5Lc13mXTJ3DxksKQWEpZpq05DEfDYiWMxclTH2tzXrcrp4g==&p=2&sk=&fvj=0,Intuit,"Mountain View, CA",false,25 days ago,,,false
pj_3f629a191e1f1ef1,Front End Software Engineer,/pagead/clk?mo=r&ad=-6NYlbfkN0C-EN464Z7rNU1GAZ-YQTIsvvCJVlbmKI8cU82usM2ukTCcX8DDLAvU4hkaQchfHkkkRJtuIf8SyU1aFoKi2WER-6l9vwQOLyHO6WvHv7i8GuM8y02YuUNVKPzUdk4_wIXLpLbVvwrWVnq3AvKyavN6pEqoiGnGzEPlvAO_7HTPG2s1y4Fywtan_B-avDXu1_qA8z27TQUsPfeeQAtkM3nF7vSQh1dswQ9rvd0Oqu-RoXxN1KI9xRAHX4OrB71F-qsAQntp0JmBmZRBhQrb34XohKnYr6DfGEwwjZA4xieNQL9xstSCAiVXN-NvlEh2yR1nxQR4pxZDKlT3JrNMJXnRwGcSKKRS27AWOXWMYjVniqQ56zP0MHrBzeUbBCl0daJv8qa6HUILJ0KycHl7fltvOslgg6PZodsWO0fUgO_3VxJQGgHZDuRKiZsH0_eHRS8=&p=3&sk=&fvj=1,goBalto Inc.,"San Francisco, CA",true,30+ days ago,,,false
p_ad8cc56c24ab9a46,Front-end Engineer at mLab,/rc/clk?jk=ad8cc56c24ab9a46&fccid=8125d275c08c84f7,MongoLab,"San Francisco, CA 94110 (Mission area)",true,30+ days ago,,,false
p_d0163ec3b2822bc0,Front End Developer 4,/rc/clk?jk=d0163ec3b2822bc0&fccid=78bbcd26e39621f5,Wells Fargo,"San Francisco, CA",false,26 days ago,,,false
p_b7c8a556a25da812,"Software Developer, Creative Difference",/rc/clk?jk=b7c8a556a25da812&fccid=c790fa3d1519c6a3,IDEO,"San Francisco, CA",false,4 days ago,,,false
p_a41439b89c515983,Front-End Engineer,/rc/clk?jk=a41439b89c515983&fccid=99467411f7275c23,"Thismoment, Inc.","San Francisco, CA",false,30+ days ago,,,false
p_a41de78c383b1fa4,Full Stack Engineer,/rc/clk?jk=a41de78c383b1fa4&fccid=beb5dafa58c5003d,"PubNub, Inc.","San Francisco, CA",true,17 days ago,,,false
p_33ee2bc85e28dcc8,Front End / Full Stack Engineer,/rc/clk?jk=33ee2bc85e28dcc8&fccid=fdce7b6d95f04bea,Trumaker,"San Francisco, CA",false,30+ days ago,,,false
p_117a433b0a96d50f,Web Developer,/rc/clk?jk=117a433b0a96d50f&fccid=cc67b5a33a71a8f8,Fine Arts Museums of San Francisco,"San Francisco, CA 94118 (Inner Richmond area)",false,25 days ago,,,false
p_74d3aa5146bab6a5,Software Developer,/rc/clk?jk=74d3aa5146bab6a5&fccid=9e7b1d1ecaebb4af,Pariveda Solutions,"San Francisco, CA",false,11 days ago,,,false
p_2b8b9d5a4256cf46,Front End Engineer,/rc/clk?jk=2b8b9d5a4256cf46&fccid=993aea60d97dd3e8,"Abakus, Inc.","Emeryville, CA",true,20 days ago,,,false
p_4dd19b47ddb7f45a,Front End Engineer,/rc/clk?jk=4dd19b47ddb7f45a&fccid=0620a416200e491a,Rakuten Loyalty,"San Mateo, CA",false,19 days ago,,,false
pj_2bb550654599c39b,Senior Software Engineer,/pagead/clk?mo=r&ad=-6NYlbfkN0DTBdVKmZIyVUz9epjLLrinfsLp4iyHLMBJakMPxL5umOaoTpomw8TxGIOGEdaCRU6CTW0vRHIEaOLYXfJ9oIR01G7ScCqaRCYvu0icZxKMwBswWLgD5y67fNnZTEUI-UP_d8astgGi5oro688oSUPjR1KEdsXp6mRZEqvnxljFkv8pzjRV-Kcaep1s5Bh7mTHRmP3pNPgsh0uCXRZl6XBM0vn_nz38kZPwANs7Fa4KMwnr8eDRjHF1oBgVkj7gM1usbN0vO-JZ63PrCbGsuj07sopo6vWzWNPVJgIrVgS9BfSyN_HKRWSdUa12ebfv-3FraxUVCg7OhBXXmCxIQ_124hQL3CSvQUNeMiQB9gmTnpnHJYZwX7urb90GUGL47BAuzxH1mMOIhhxt-7hetwbujUYC8XCQ4dHC-TIkIxFkBy40oJgEvkdR5wIq72tzEt4AAqbiKuyZDQ0ZRYAnRPBHjFvTNgYixtw=&p=5&sk=&fvj=0,Study.com,"Mountain View, CA",true,30 days ago,,,false
pj_c16dbf127870518b,Senior Backend Engineer - Insights Team,/pagead/clk?mo=r&ad=-6NYlbfkN0C7V3uQ0UvxG4MjNQbLWhMwwqdUnAr4UncU2j2CXvpObi4xGJtTmmu3Chgh4aLw_9JYiWPqE4SwsZeJ7ocHLZb3Y9tLlWvVkqdUKJy7jCckQ5rp5uQMDh6TV-JZ0y0xahyzSFaSkqkqgnrMJ0qZAGnuVyg1ucudZGuOM4aCXn-8ED21sTbRX7UuzOAEFjaegRTxL0lK2FkMGl9SP2oxtTLrYQP_DdX_H0F29M_FimIKFSyw2PdlB5HCc8m7Zl3uq-iQnl-bI5Sisr3iFsuNA3ndPgjZlkNLpcj2LVHu9qhRH18l16PsZUCbh6GDD-n7cwOiFtyYddeYdLrlcWhZQsRBclXGhgkx4WiI9mlYiau8kVCTRo5_L5UxGgGPww2dO-Q=&p=2&sk=&fvj=0,InfoScout,"San Francisco, CA",true,30+ days ago,,,false
pj_f686b953e5ef16ca,Java Software Engineer (Front End),/pagead/clk?mo=r&ad=-6NYlbfkN0DTBdVKmZIyVUz9epjLLrinfsLp4iyHLMBJakMPxL5umJ3vlwp8BUH_J26uHMEQ3k6JzZ1nKCDzLJEZVfFVE8QYV_JItkDtuyNm-jAymDXrqyt9ZD_cGvuoyQnACemwmtRDrFDepg6hgQjfOlkiObA93qJuQL-A-09rivy9pzp36J9NzwqiyKtb2W-KZoyBOdAEq0u6JxTWtrmtaO_2icNiblZJ5Id4iu01RDtKWHxFyojUwFY8i0Eetksy56HxMPgdvi4TQIZt4mFdDdGe3Mz-Hbo5RpxDdqFq9jZXLESiHaoOxtB7SpwLJUF6gxlzzw8s2YJRsoB1jeTjaQCtVbl7X-9pNcWiVOBB49UhP2LHSCVMgl350AovyvISpsSt4w5XPsI-eecSHaeLFO9cQ1or-OhHcffXVbEhHMKLsg6z6pXR_f8mfQdgRCfbkd9qohe9EG6KNl53QkXp2dKh_m825oxYLg3JVZk6zeHOkaSpDw==&p=3&sk=&fvj=0,Study.com,"Mountain View, CA",true,30+ days ago,,,false
pj_12b6248f554f1c1c,Sr. Test Automation Engineer,/pagead/clk?mo=r&ad=-6NYlbfkN0CQwXmeYdiD1GEXRzn0YVpn9BTnG7hDIakuRjKuXbO9X_ZL9BUIjCh18Wif1xQCOtlZPKSiBR6QRboc4ZnF2Rt-vL9TV8UbL0BoRhJzsvnFVqV_HdczRqN_eaVjfj7zyr5vmWYIpiqqO0nmYprcTfNrcRsRx4mj2U_ruw64VRkDaWieOafn4VpChrM-k2bMzHqDWeoodTrjxOeFX3HPgSk8pWB92rrkOJMJogpKoCoZX_V-KXz1cJBJ3bVhJPSNr4voskgXj5gJUcnv-kS_RgEYeniDNhSlwH3mjHbmafTYrG9HRMyNidTu39qS5iIhzX-v5X7kkHjQGZK1FXy8gEmDboDzeU2WmjC08_6bOwAPlsitgbER-l4am0kcLfnFfIBbGoHdQEbNSUXaXBW_W_oPZvIXoHlC5IchUv-ZUq3_a9GwPVnM0qc5ugl2jlrIC6fE5P47P6_NPhlVnVTSz7IIypLb11QsNMuG-vyC28RkpKOvMfYI2RhZzSf6xsDFzGlGTl1p-KtMp3GnOS04eojKVkN1LTkpy2cNI96IennivqetKkGXBNgCWog9Qs04pmpQ7ZhwCM5cGJE9PwINWbmOzxhb8xO73KRlptPe_1qDzuuadOkGNryi_VIxCVL8UI_mkUABXpqrLgla7Zt3H1tZdeyOC8s0czYlCEcwuvzmi9AlTNgqyBqaP6yKqAo8X-c=&p=1&sk=&fvj=0,Wells Fargo,"San Francisco, CA",false,5 days ago,,,false
pj_c5c284861bf7ee38,Web Developer - Front End,/pagead/clk?mo=r&ad=-6NYlbfkN0AcBrqIZ2Edt8uHPoGWZz4a5Rz67iTlA0a-exEJL8pSpyOB3R5lFhADjf9wE8Z_cCYuRDO7h7nauguzf764I2t-zsVatSuJJVXfneikp7MT6OxqciDcaEgP0lV82-PCDkXfmuTl7XY_pJbOWv3Yb22bqCYh3-9_vjyU_7BR5KW63E3DAOIxGwnA00ClrSiqEMmyNLeADdaXic1qwh8bv9gOtqiCeYnmRV30LwhCN2esFG52srQoAJUqltWlqVQdMWQV88SYjN5WHH0BX78f6xf3ZdUU7uhrktWpoN1AHGyApkj_DKOz_ZYbizC4SEzAJFssVOY5KXn0rgNG49D6Drf4ZkoElR-DcEFxCDEyDtfMtMf1TsQieAXDCl6X9pZoCUOIAMivEBwCz1SAMG4GJ_027YeBePz_do7yV96Z5SyoZ_xW_0iXYNRy&p=2&sk=&fvj=1,Numeric Jobs,"San Francisco, CA",true,27 days ago,,,false
pj_9a601f5f0699e8a0,Software Developer,/pagead/clk?mo=r&ad=-6NYlbfkN0AmRAKHgMS0qNQI9YAZJ9wTFtfk65fDmo-hasppcz-ZmYhrGJcl_CC_tmrR20lSQt27HCNLFBZXWia3RnAH0KW597UfOuruaZu967KIIhsQipV7OWepmI2DONRA__Ga2cMvAyNg1wNz93s6JVbubPoIPzCNvHTKFkcAtQLpKMXFE7aHBZaNQ-N_Ceh9u5ChnHEYvOezYTFHnn5jBdv-TNXG2mc96MEuVyzEHeqcRRJZ9cYam2coRR8_IjKszLPpR0lyIszQVROKV37RwZRhqaHz0Ot84-OUPWDYcv4keV85BAU_7dEoi3fxGbGA_syCFRymyQxCNcREh-vMy2fZ6XpwqfYuXOXQy4XRgkS3auhlt8Dslf0rhvvu7aTj7u1pg3rZkze41fMGMYRQOh3Y146lbsfWOYulnd5eUGpHRJhIZectLsM9UJoyXMz1jD2xjGU=&p=3&sk=&fvj=1,Mindflash,"Palo Alto, CA",true,10 days ago,,,false
pj_a6c773e6269b61c0,"Principal Software Engineer, Back-end Development - Cloud Services (Norton IoT)",/pagead/clk?mo=r&ad=-6NYlbfkN0BjTncQVw3Z-EiyU0QD-PTejfefmyew8NOTaXnOxrKju8xzUSn0by65Rzg_ErhjZRLdBEq-egq0Nbmr8PCrrKckNculd776xC7ivREb-jYPwwZ6bqv9gdIWNDlkU_minPuw3Sb3TPYKwpAgQDNXtzZazjem6MW5OzpaywOKNAOzAhs9A_LFAJy9egOcUT_TSSGM_4Glgqgk0hUdM2-DA7Ntd-Sfy0YQW3tbGQGiQqzZ5pYZUBT8BdDjB_qFBVV1v3mORMtPOvHOrmjCBD7SxA5wIERVBunRajV1ndRDcjG0OSiQDZpkQ6h0Bx-pj3ZeK1jPQCOry3Z7YG9WGypgXp9CzIXV0iska9BX9a8UuCuskNz_wK_riKVmqavGYA7ZuImDLzx9KGT01eR_sk2mS0PVe499YErQnsBCO9N_e4PZbkN662IpWt3oT2mkv-AY6My3FwcvJZ6DH0BXBk3gk3jFBHQROxnSBRRqaJGMlaD55_EY_8sTImTKj1ZD2KQFhiJ65g-N5DSSc8LYHmoR2_c032-NbBmSlDv2TmpXF_fAy5DA75ExFI5E8NmRLsa4IwkH81pjRkJKbYMTSzE_F5KHXlM2ia1ngrFiefPmtgFSC65vF1fqsOXsh1bwWO9TTY0=&p=5&sk=&fvj=0,Symantec,"Mountain View, CA",false,30 days ago,,,false
p_cfd4b933fa5bdf93,Front End Engineer,/rc/clk?jk=cfd4b933fa5bdf93&fccid=5e50810dc475b1eb,"Rakuten, Inc.","San Mateo, CA",false,18 days ago,,,false
p_259cfe305d99ac1b,Software Engineering Intern,/rc/clk?jk=259cfe305d99ac1b&fccid=4dceb57658279151,Notable Labs,"San Francisco, CA",false,30+ days ago,,,false
p_533ce941b7a7c0df,JavaScript Developer,/cmp/Surya-Financial-Systems-Inc/jobs/Javascript-Developer-533ce941b7a7c0df?r=1&fccid=a78b01badf4ce2b5,Surya Financial Systems Inc,"San Francisco Bay Area, CA",true,26 days ago,,,false
p_c75dce05b56e5ac8,Front End Software Engineer,/cmp/Rakuten-Marketing/jobs/Front-End-Software-Engineer-c75dce05b56e5ac8?r=1&fccid=6b4c5e950e254986,Rakuten Marketing,"San Francisco Bay Area, CA",true,3 days ago,,,false
p_c3a5f901d2c8bb2c,Software Engineer (Front End),/cmp/Terminal.com/jobs/Software-Engineer-c3a5f901d2c8bb2c?r=1&fccid=327da1ca33b172d3,Terminal.com,"San Francisco, CA",true,26 days ago,,,false
p_0508700041d18775,Senior Front End Developer,/rc/clk?jk=0508700041d18775&fccid=22076e990c47386f,Forbes Media LLC,"San Francisco, CA",false,24 days ago,,,false
p_cf090febde17a879,JavaScript Developer,/cmp/Zinnea/jobs/Javascript-Developer-cf090febde17a879?r=1&fccid=70ee5124f739639f,Zinnea,"San Francisco Bay Area, CA",true,26 days ago,,,false
p_1e42ad7a29c03e24,"UX Engineer, Front End",/rc/clk?jk=1e42ad7a29c03e24&fccid=a5b4499d9e91a5c6,Google,"San Francisco, CA",false,30+ days ago,,,false
p_4d480adbf69aaab0,Front End Web Developer,/rc/clk?jk=4d480adbf69aaab0&fccid=8f7ad64c98454015,Viki Inc,"San Francisco, CA",false,25 days ago,,,false
p_0b1dc72f76ac0bd9,Software Engineer - Front End,/rc/clk?jk=0b1dc72f76ac0bd9&fccid=0c3db5acf3e6e49b,StyleSeat,"San Francisco, CA",true,30 days ago,,,false
pj_c8ca8b03b55858ce,Staff Software Engineer,/pagead/clk?mo=r&ad=-6NYlbfkN0BmWpKopPe3xzqKQ9e0W5p64FNR45ZqG3m_GMatdVcLUJWgaROCeY4ihA6MQ9iDboOVJXTfHTtpY6_RBMXq1GpWm-SWlaHvOVBbp5X4J2wkJ9RxJX3nzpGQktXJUUu3BLKnrK3txj85-1ZYGPCkzUMr3kDU-if0mgLzCpZyta1L_qhS0dnd4cwW5Q38KZK7JLwHNdrOtZ4uoDfmLsBGIzPCEm58rb2gJdCy0lhBII3UgfDX5j4XpBhjRUTtQoTg6GSYtXPUb7cQnZCTLFI9oJn6iJIAsSWWQSfdOcuRWzymxMLDvfiDR4-pp02PwbtbhTh69H1qBwkntDPGRi0EnbwoDfrW5UP00xYgBMyjh_eUqzUnKlcBK6jPiy283IVkAmuOSmZRiRgrQWlDE1i3huGL6FkFk30j9RR0P9CEGrbeHCjnjuiwyN0P6ajueNxt5gGaW7xIx-1EXp9NgE1v90pvByhwvtNSmjJ3-JcovnhpW7gxbIlNbE2SafwYLtXrMaAndOA81Qj97Z4EUu1QL39qr1VG5Qn45-NOKLLD4nVGKKOOTNvQ1Dn1bICEqcN5FrZNWD2_GAGMB9vBRJPqQJymAOqPTukIirRUNhuvV9BJrsVkT1Re69cNc5_9VicopNta1-3Yff3EcXN65MYelud9P92uec-TiddS20NUDwf2G7qoukHxrK53JV387q57Jee_Rz2x-7RTHNOFtbNYgRrTVl8UlmjycXLyg0ud1WsCx8us78Z6JNj3kZph4U2nGSMdbd8-36JMcD5gGvZcDg-sbxZ-B7oweNVqCGm_BKJU7d-6czU1qzjmsxWhdNwzrkvWiK-NbOp5oGcoCoZ4fN1kHpfWz8L9mO33mRZX_CY7FjrpiaoAx0GPdiJSzh3TvJL0wZp1h8MjLA==&p=4&sk=&fvj=0,Intuit,"Mountain View, CA",false,9 days ago,,,false
