pj_6915e4e61cd375b8,Senior Business Intelligence Engineer,/pagead/clk?mo=r&ad=-6NYlbfkN0Aqmv_5JD5v6gg1ICRL12VY6BolF0XAUkQtat1DEGOKAas7v4hqpX3lzUM4h7L4VGus2mV7JP5PsMeLRzfDqXB5ZbPlkr5dhMzSgoBhGMaRtbd8SoDZfNE4GiEi81nbwM3bkjkej2Fc4CS_XChcc9xea8qTSCWjuS_nBVrQbNjqxj_ZlX4CYg-jYiXtAe4_QWw9l5_ycf-Oizn9ElZ4RDcNo9Jb1g44Lge_rymOVjmsmp509mH5S8Gf0uQKpWfrtLWSRQYiCRoLek18rSqjJ8SsGQSdZCzq0ZZGULRTeSfoVR9A9igDDXVQuy3TQWkZX2C4REwOf2Jm_N2QOMfrnCBl2zHIFgs8Hd9EgVgwiYqW2ieP0KsXfAXnAsLEnXQSPykpYRiSryvSa9Zl5fGPaTnVPU8r9dGmqbRh-IHrOVToLiFHdniO1_wkjPWlZMIAaNI=&p=1&sk=&fvj=0,Cox Automotive,"Irvine, CA",false,27 days ago,react native,los angeles,false,,false,
p_6e62789a92f3c99f,Senior Front-End Developer,/rc/clk?jk=6e62789a92f3c99f&fccid=1d7e0ac43c217386,Sony Interactive Entertainment PlayStation,"Los Angeles, CA",true,4 days ago,react native,los angeles,false,,true,
pj_aa2600863a4c1a55,Senior Software Development Engineer - House Page,/pagead/clk?mo=r&ad=-6NYlbfkN0CZTNjLMuBQEc4UwMDLf68nYWD4vZp_o6pW13OpR78fsX6iNYh7Oh8zJnEsXfXvD7Zf_txNFvb7bO88mnFhdfTeVrOzz3QkajkI3G4QTdAbrcxbTlTF-gWeyRgPbcJU0LxsPEGgwfCgx6ke4xFCQnw9BjETjVpRH2fo3PGt-UHalm4ZMDhN7uzb1DjgApXrM-LLpzBm0HYS_ip5CcIRgqRVcyRc4sqDZHyiJdmBxdJtwVR3Wkn4N4qdQrsHDPnLk4EGxnR7-zIQpBSXXq-F9T5R1pWvfnI4XCFlZUQhOnxPTzDKPhQMDF-4vwYcw_abLwPGup8-51EqvYSKzlpClFVEGycPHDn_onvBBICau-wkpY3SbnUvjA1KVaJ_CM0pg6KEh2AeD1JZB88D5djudXgbXQuoYgb9ibrXWG5x3hLP-a4NSnxuQM14ilcWVtIQ5-4_JgwMAUw3HDuYNR02IaTzhA3OS1ImcLo=&p=1&sk=&fvj=0,Zillow,"Seattle, WA",false,30+ days ago,react native,seattle,false,,false,
pj_1b88d6753a59f43f,Front End Software Engineer - House Page,/pagead/clk?mo=r&ad=-6NYlbfkN0CZTNjLMuBQEc4UwMDLf68nYWD4vZp_o6pW13OpR78fsX6iNYh7Oh8zJnEsXfXvD7ZCip_BvbIsbA4lxdXF8JomLalmE3Gg9r2KHUhiz3v8Ix9MbAyGB3PYjgOf4An20dX9n4Bs1r70UUI2eRKR9ioSPGAIaUw-H1Jd7ViAYxsO0qXJ0xafNa_TQ8DAsFWY8DGCxIMXb-BbL2AueqztBNFAShR_qAEkUQyOixN8PzWhwx3jNe4EfRDgrNGjo3Gi1cuB4ORuDF58x1fSF9sOr4NQ9QYAt9A5WfKZf5bJ_183hj69vRC35V21BVfvhN81Hj_iDV2Ur8rIkP_J3LDFHfzjPBGWvkdfr_8SNuJNf5Vj_tnC6bT6JqgtY3hBzYf1ieoHRzA8Ikuwrq5FzUvrX6P1e1akcSxO3Qz8UKNnoH9oIsQE4ENo-dET3yRL8zMU_1ecdwZzv1gTZb3X3ZYueSApBK_jry_FkbI=&p=2&sk=&fvj=0,Zillow,"Seattle, WA",false,30+ days ago,react native,seattle,false,,false,
p_355ed27391f78d1c,Software Development Engineer in Test - Go Client and Mobile Team,/rc/clk?jk=355ed27391f78d1c&fccid=1d223a639e0206ab,GoDaddy,"Kirkland, WA",false,13 days ago,react native,seattle,false,,false,
p_17f5ebbe13a4568a,React Developer,/rc/clk?jk=17f5ebbe13a4568a&fccid=99dcc1c182382c49,Wirestorm,"Seattle, WA",false,30+ days ago,react native,seattle,false,,false,
p_23bcd4f086890156,Software Development Engineer - Mobile,/rc/clk?jk=23bcd4f086890156&fccid=fe2d21eef233e94a,Amazon Corporate LLC,"Seattle, WA",false,30+ days ago,react native,seattle,false,,false,
p_bb90895af9b9a13f,"Software Engineer, New Social Initiative",/rc/clk?jk=bb90895af9b9a13f&fccid=fe2d21eef233e94a,Amazon Corporate LLC,"Seattle, WA",false,20 days ago,react native,seattle,false,,false,
p_73928ff9dc56de2d,SENIOR SOFTWARE ENGINEER,/rc/clk?jk=73928ff9dc56de2d&fccid=734cb5a01ee60f80,Microsoft,"Redmond, WA 98052",false,14 days ago,react native,seattle,false,,false,
p_8ca7830a9f4e23a3,Sr. Web Developer,/rc/clk?jk=8ca7830a9f4e23a3&fccid=7fb34ea4a6d1c087,"Webtellect, LLC","Kirkland, WA",false,30+ days ago,react native,seattle,false,,false,
p_1b88d6753a59f43f,Front End Software Engineer - House Page,/rc/clk?jk=1b88d6753a59f43f&fccid=913e1b259c8d65e2,Zillow,"Seattle, WA 98101 (Downtown area)",false,30+ days ago,react native,seattle,false,,false,
p_b2c662d599acaf8d,Senior Full Stack Developer,/rc/clk?jk=b2c662d599acaf8d&fccid=cfa7bebec55db98f,Arivale,"Seattle, WA 98104 (First Hill area)",false,30+ days ago,react native,seattle,false,,false,
p_a139ac3462e219f6,Design Developer 2,/rc/clk?jk=a139ac3462e219f6&fccid=734cb5a01ee60f80,Microsoft,"Redmond, WA 98052",false,30+ days ago,react native,seattle,false,,false,
p_b7eee943f2753617,Software Engineer II,/rc/clk?jk=b7eee943f2753617&fccid=734cb5a01ee60f80,Microsoft,"Bellevue, WA",false,30+ days ago,react native,seattle,false,,false,
p_455d7e397fe1aa73,Front-end Engineer,/rc/clk?jk=455d7e397fe1aa73&fccid=59566a55873c1db2,Glowforge,"Seattle, WA 98134 (Industrial District area)",false,30+ days ago,react native,seattle,false,,false,
p_f5311864e3fa21ce,Mobile Application Engineer,/rc/clk?jk=f5311864e3fa21ce&fccid=fe2d21eef233e94a,Amazon Corporate LLC,"Seattle, WA",false,30+ days ago,react native,seattle,false,,false,
p_26e28e335ddb560a,"front end operations engineer, Digital Products- Seattle, WA",/rc/clk?jk=26e28e335ddb560a&fccid=a88e611ddef97571,Starbucks,"Seattle, WA 98199 (Magnolia area)",false,30+ days ago,react native,seattle,false,,false,
p_ae928cc52741be17,Senior Software Development Engineer in Test - Go Client,/rc/clk?jk=ae928cc52741be17&fccid=1d223a639e0206ab,GoDaddy,"Kirkland, WA",false,13 days ago,react native,seattle,false,,false,
p_7abd55ffca7e95de,"Software Engineer, Ads",/rc/clk?jk=7abd55ffca7e95de&fccid=1639254ea84748b5,Facebook,"Seattle, WA",false,30+ days ago,react native,seattle,false,,false,
p_bd560d67f7858c66,Senior Software Development Engineer – iOS,/rc/clk?jk=bd560d67f7858c66&fccid=1d223a639e0206ab,GoDaddy,"Kirkland, WA",false,13 days ago,react native,seattle,false,,false,
p_f0788ad246c03fd5,"Software Development Engineer, Amazon Alexa",/rc/clk?jk=f0788ad246c03fd5&fccid=fe2d21eef233e94a,Amazon Corporate LLC,"Seattle, WA",false,30+ days ago,react native,seattle,false,,false,
p_aa2600863a4c1a55,Senior Software Development Engineer - House Page,/rc/clk?jk=aa2600863a4c1a55&fccid=913e1b259c8d65e2,Zillow,"Seattle, WA 98101 (Downtown area)",false,30+ days ago,react native,seattle,false,,false,
p_1d04802a4af9df06,"Software Engineer, Product (Full Stack)",/rc/clk?jk=1d04802a4af9df06&fccid=1639254ea84748b5,Facebook,"Seattle, WA",false,30+ days ago,react native,seattle,false,,false,
p_abe1bcaebeabdf4b,Principal Mobile Software Engineer – Mobile Experience,/rc/clk?jk=abe1bcaebeabdf4b&fccid=1d223a639e0206ab,GoDaddy,"Kirkland, WA",false,15 days ago,react native,seattle,false,,false,
p_23eaddab2c164c34,"Sr. Software Engineer, New Social Initiative",/rc/clk?jk=23eaddab2c164c34&fccid=fe2d21eef233e94a,Amazon Corporate LLC,"Seattle, WA",false,13 days ago,react native,seattle,false,,false,
p_015787dae096dd72,Sr. Software Engineer - Amazon App for iOS,/rc/clk?jk=015787dae096dd72&fccid=fe2d21eef233e94a,Amazon Corporate LLC,"Seattle, WA",false,30+ days ago,react native,seattle,false,,false,
p_51158423bc254a99,Security Officer,/rc/clk?jk=51158423bc254a99&fccid=bf1b936c85871e76,Snoqualmie Casino,"Snoqualmie, WA 98065",false,30+ days ago,react native,seattle,false,,false,
p_fac0fe268f6387f4,Sr Software Development Engineer - Mobile,/rc/clk?jk=fac0fe268f6387f4&fccid=fe2d21eef233e94a,Amazon Corporate LLC,"Seattle, WA",false,10 days ago,react native,seattle,false,,false,
p_f46c23a1c6c16af0,Sr. Software Development Engineer,/rc/clk?jk=f46c23a1c6c16af0&fccid=fe2d21eef233e94a,Amazon Corporate LLC,"Seattle, WA",false,30+ days ago,react native,seattle,false,,false,
p_6fc238d9735f4a44,Technical Architect (Salesforce experience required),/rc/clk?jk=6fc238d9735f4a44&fccid=5c7701d67c1fd828,Silverline Jobs,"Seattle, WA",true,30+ days ago,react native,seattle,false,,true,
pj_203026c47a0bd043,Software Development Engineer- Relocation Opportunity,/pagead/clk?mo=r&ad=-6NYlbfkN0D9Z_NigMRFBqnj4_9rPbMnaYMSgnKsRu0gcL5XJCnD3fAN5Vir87aLjFGm6jVWhz9XgCY54RTuB2ueYu_yudmWLT-HPpmw3mpVCMt9TDXkBk45t7PcIUX1LAC5YjdrSySAuoyUIegJf_aH1QbT3PK2X3K0Jv-Ydi5F7rubZlZ3q2B5ffpgjMg_6BN1jf4p6QMbpdt2qXtczNMeOpG0i6iGptUKPhB8YbfEZZp6o_IgEmiWfLxI9bwua7QyqUQ9-ODYikxYGWf4J5OPTAEQqJeS-azem79UtClKFiplnqc0XE69kt1Lx5X1ZTdYYmGuCuAN-RDlJtG8ltGalZdyIL1qO0CXUUBJtT20HwCloKgboTC8cVxAPgqc_qSOf7tD2KLZd__YYf9mFCV6Hx8tH9FFgyfaj3DJ5lDk-Vh90MZmr9D1l7l_SQCNJQN2Z_sechx9CGODumP_jlptKlE5CGbcCJOVFEn-nVykH_lvZtj1CvPkw21_YpOduMY1YNgweO5H3ngBHIiyAHvIRUl42PpGkM7pQsiPx6epDLX3A6IELFLPSkyoDzNFaSG0wnXyIizqkoE09fz2HkBmywbVJGAN8QxLozIHCjzWwqMtf5Hx4FGmjwxMW-R4rwZWCgJLbDc-ssBjol9MtZEWQWUE_Gk78vAHdgIMRXDq3v56SHZz16Nu7KAGo08Zrse_O2hksraTigAPZXHylKissN-05hKkSCdDfEn1odgD-t7BSK3Y0GJxM8aGTrKlRaXQl9ZeABKoYq9dPrPRXntkBP3_hyp6Z-GhCK9_QAUiHR_abF-24shdRm3E3idAm6r1x9QMPEfFKLDfl4xey9K9mocz3nVjFdxzHLIKhhO2UXsEKSxjbS7Z1s5L2r-JbSY_bYQItHKxiQnraMmSOasTfZdU2Lp8dZ9h2W8rDzY=&p=1&sk=&fvj=0,Amazon Corporate LLC,United States,false,30+ days ago,ruby react,san francisco,false,,false,
pj_01f597a33a50ef96,Full Stack Front End Engineer,/pagead/clk?mo=r&ad=-6NYlbfkN0CpFJQzrgRR8WqXWK1qKKEqALWJw739KlKqr2H-MSI4eobVtoXfYYqICKIOP9QB9BxlX66ShVao7HtyUHCiApyJCvsNrYHiMToumULYAeUn9e6o5bQ2E1KKvDOsRP0LblU9tq3GKTHEWtKvPVCxMjY5nPvC-Fc0PrqKbnMssIJFakZC3o1r4VEzhKFAF9lmAPGn03ZajSGGuQ7-_sNDgO3iblQcPVQSbteebr9c-BSIFNUUvRQw64RAgUjcOKdAz24k3HEJ6gfJlgxArIBqhQPiHL1E2zWC9rd56-1aaEAUkLw2K93tFgyNGzmUAfaknpGvwXCMpDVBjchg3--4XI4Qka0V8bcw8Byl4SICn7xmf1eDi_rPUPqR2bV8zgDUU0iGrDysm35zW8TH9CpKFtoWSfmbI24naZVWNbdCHZ8Vk0NORSnGWF6tEd_w81PbT88ZcHL9V67S75Q8LGcWjLOasZAQkhVgNc8WRzvEVakAZZKSzaXS5HAaMnc-zCEmkckIqnNKpwmP8R-ZQ2N7HYbou8sLWTFYmQ8BFYtnn0zmRK-F6sE9E4zHNC0GE1xqzfGUD5oh4VAOzXLWXBkXdaBhpi4Ol7EsY--hisNBsp1OHKlEQ2_3UjgLKIe4k_hiKwg17a-my8Iq96_nSDf_Gnhb&p=2&sk=&fvj=0,CyberCoders,"San Francisco, CA",false,14 days ago,ruby react,san francisco,false,,false,
pj_85f8a89c903cf7c6,Full Stack Engineer,/pagead/clk?mo=r&ad=-6NYlbfkN0CpFJQzrgRR8WqXWK1qKKEqALWJw739KlKqr2H-MSI4eobVtoXfYYqICKIOP9QB9BwCseP31HrRDsc2lYreLcHJ9QOJXecSJCdozsAe1B3G95gA9OHkmPy3SE84vMttEt158YGlkrhT6zkaKC-ZfedvQcVVG3RQkycaW18U66nmPzCcprO-5-SaH521y09ENQJCBmFvfGaq2AEmDPLKZy9nBTzphW7ZVbSP7q-9xHxff-332LpPdS1SivkG-O-K6UWIqrpYJapA1PIvxNKgkbq-SfRbMWyIQ2UfomTjCee5RNGiCl7sYKU7xjjBQMAhYVz1l3iG9wvlfzygNFQ5ymHa-nKfQhPfkMKbV78jFytqHQTyqyU0lxL3ex_-5VGIWOwY1v5GCPCoir3847iHirf5ibk-SftDIP8vrVgfhgIoyiNCu9aDzPrRpbxHJeJn1baVSOvZWseSB58RPXF_KSqvuvahTL72ENsSzU6sAtWmfZYKDhEcJotXJvkmOEfpil5sTc1qDKuMopY7hXy_qUtT8LRYSXO-NZmfcRxPl9sJnZyOgEcBo0MPElo_0P5DlgvFm8ZfGDCPSGHvZ8SJx43UVdvU3bwNaUeTFenQhk9nk-c30TAr1ZMs1cu4HCgD143HtERXfNMX28Ssuyrc3VKA&p=3&sk=&fvj=0,CyberCoders,"San Francisco, CA",false,12 days ago,ruby react,san francisco,false,,false,
p_a34e0c84037e1d0e,Full Stack Engineer,/rc/clk?jk=a34e0c84037e1d0e&fccid=6139161347d735b5,MasterClass,"San Francisco, CA 94110 (Mission area)",false,26 days ago,ruby react,san francisco,false,,false,
p_5238819d246bfb4b,Full Stack Rails Engineer,/rc/clk?jk=5238819d246bfb4b&fccid=dae11deaf625e9df,AnyPerk,"San Francisco, CA",false,6 days ago,ruby react,san francisco,false,,false,
p_84b9fb4b08a87531,Software Engineer,/rc/clk?jk=84b9fb4b08a87531&fccid=72544885e69164f4,Affinity,"San Francisco, CA",true,23 days ago,ruby react,san francisco,true,06/09/2016 21:46,false,
p_6cbd080a866ce018,Ruby on Rails Engineer,/rc/clk?jk=6cbd080a866ce018&fccid=c2f2e84f7e0cab11,Hoodline,"San Francisco, CA",true,8 days ago,ruby react,san francisco,false,,true,
p_5ec42f4f2c7f69d4,Software Engineer (Ruby),/rc/clk?jk=5ec42f4f2c7f69d4&fccid=8f8b6e12d2c9f39f,Fingerprint,"San Francisco, CA",true,21 days ago,ruby react,san francisco,true,06/09/2016 21:47,false,
p_4c5ccebeaa04c959,"Software Engineer, Full Stack Web",/rc/clk?jk=4c5ccebeaa04c959&fccid=33780a8fa2b64a22,Apartment List,"San Francisco, CA",true,57 minutes ago,ruby react,san francisco,true,06/09/2016 21:47,false,
p_1fc1012969317757,Polymath Engineer (Founding Team),/rc/clk?jk=1fc1012969317757&fccid=18c7c845e9406977,Superhuman,"San Francisco, CA",true,4 hours ago,ruby react,san francisco,false,,true,
p_7791c16cbc2abd57,Streamer Portal Engineer,/rc/clk?jk=7791c16cbc2abd57&fccid=ecf539b4f66ba031,Skillz Inc.,"San Francisco, CA",true,30+ days ago,ruby react,san francisco,true,06/09/2016 21:47,false,
p_348a1aa6c4748a49,Fullstack Software Engineer,/rc/clk?jk=348a1aa6c4748a49&fccid=0a891d9f21f7e968,Pillow,"San Francisco, CA 94103 (South Of Market area)",true,30+ days ago,ruby react,san francisco,true,06/09/2016 21:47,false,
p_c4816178294ffd47,Web Engineer,/rc/clk?jk=c4816178294ffd47&fccid=c3389286e7a9e4f2,Always Be Learning,"San Francisco, CA",true,30+ days ago,ruby react,san francisco,true,06/09/2016 21:47,false,
pj_56286fca388a954d,Senior Front End Engineer @WalmartLabs,/pagead/clk?mo=r&ad=-6NYlbfkN0ASqHCEO9GpEUGjkXl8JxXxJB8G4bxm4-V1wqiPq6GTVia32EXbnYTv9dj8YIDUc25affTOo_DZBymZ1_gOziMuaYqYb6BBshfbDTah2IXg0tqgn90tWiXfUKAGf42LNaVooAIufViPAXHRKGiRihn4oSwlFUGOpeyMBJtpMgU5HdEffg4Yf2Wuu6RxggI51iIwsXonjAGq--psG4xULvOB_v7ZTYq7PBzgW5I2mbqxzR27ojkfJt2QLvPQzpO_BVBt44Pwz0EyLoEY-UXtpKAkfl02HiX5bxe4GAvV72_Z3mbLbdyPSk0LLkUSwkbkpEwIYv6rS1B6sIC-oEYMiE0jzn0c-uxQy_Ql61FRew2t_YQxzu0BsN8_kScAKu_6mwTXjsrScko0IlrCUTNqfiJp&p=4&sk=&fvj=0,Walmart eCommerce,"San Bruno, CA",false,30+ days ago,ruby react,san francisco,false,,false,
pj_c907210565349c46,"Senior Software Engineer, Full Stack",/pagead/clk?mo=r&ad=-6NYlbfkN0ASqHCEO9GpEUGjkXl8JxXxJB8G4bxm4-V1wqiPq6GTVia32EXbnYTv9dj8YIDUc26JoesfhKcNgwS4-jznD6VyDibNtbOATbD3ERIX-Ch2pYAkrJdnaer1Db4r7T_vnEbWqtzILzXjLbPRTtHWqW4or1h7B_cRC7jfQ08xIFsAnUNFhDeyEHMR28e1y2TgYol5wletBustVpXH_bDzn_i_zQZC8UJFm0_FtK2EIkQQ3pVQebvgpa-IFmLFyav5Sq4inWJKe6Fh-8Q5xehUooVkv--dHl9Fd4Xu24k8pXgcS2za3VP1TTNkse43bGtyxa9TEzdQ9VNsishqlX6FUnJ5wt6Ik-KJaAr9L9-OA9LhH8tfzKup4I3WaK4o-TzLKALxxp_uNfsQc6HBy8uhUap2&p=5&sk=&fvj=0,Walmart eCommerce,"Sunnyvale, CA",false,29 days ago,ruby react,san francisco,false,,false,
pj_ff68f59e53748308,Staff Software Engineer,/pagead/clk?mo=r&ad=-6NYlbfkN0ASqHCEO9GpEUGjkXl8JxXxJB8G4bxm4-V1wqiPq6GTVia32EXbnYTv9dj8YIDUc26g7beD-cEhmvIHYv33skWK8zkAZnpSeyAsU5AfOUFQpNInsBXm2iQpQ_qB6LHv1orSHumC36F8Os-iUXV4lRMByNYhUpqiiM6mp-vfiHZZ1khwRpFpFol6tdtbAltY4YY6ptngIxv9-XKdlOBO7DT977q2BtJHfkujgZLaGgaB31FqXhro5LZWD-iNbW5PqwNGgY8dMUiauv7PII4Mb620NALwBh4VxVOXoycEqATVpvvnr9gGS8N-8UThn0XjnJIxstiR43XkCRZ2VVrMrq8jI_u0FpanwUpnA3mTcPKqFCNcqr51AsBZ-kpiB-KQ5eJ1zIlFOmf3yYObSzRw2UtB&p=1&sk=&fvj=0,Walmart eCommerce,"Sunnyvale, CA",false,30+ days ago,ruby react,san francisco,false,,false,
pj_59e4912e3082c27d,Senior Front-End Software Engineer (React.js),/pagead/clk?mo=r&ad=-6NYlbfkN0ASqHCEO9GpEUGjkXl8JxXxJB8G4bxm4-V1wqiPq6GTVia32EXbnYTv9dj8YIDUc263EOSm71rBPEnmi1U1n7pniLLj3E20Nl9Rm4FEZo8_eCAMGQtnpfbGE3M7d3Wy3rFwD7Qvaig_wl2blPf3L5GdmdZ34l5WFSZjFuVl6qDXNUBPNxJwTTHvhXuzawOvhY5dZSAN_Gxlj_M4WXfftYHWPmvaFJI_n7nLrDY66wlRXtScbkpsLJp2BnmpGmgi7xxvkTJYKXNpr9IZb54tCKl8hkteJI-yyhjfiC1ivSxmIv9IGqSpfc6N1OpC442xLzw2nEnKbzUZRz_iRWuHYd-InvbhJGm9MmJX6YvIIlIcqq2qhLA6fJxIMXKQKmUPi6SwH6R1MOyAw8pigkxT7TCN&p=2&sk=&fvj=0,Walmart eCommerce,"Sunnyvale, CA",false,7 days ago,ruby react,san francisco,false,,false,
p_11a1d9aff191eb0e,Web Development Teaching Assistant,/rc/clk?jk=11a1d9aff191eb0e&fccid=70ffea20507501b6,Trilogy Ed,"Berkeley, CA",true,8 days ago,ruby react,san francisco,false,,true,
p_808be251a5f2f4f7,Senior Software Developer,/rc/clk?jk=808be251a5f2f4f7&fccid=33328815b321435a,Lightning Bolt Solutions,"South San Francisco, CA 94080",false,30+ days ago,ruby react,san francisco,false,,false,
p_74ed0f25909fa523,Full-Stack Engineer,/rc/clk?jk=74ed0f25909fa523&fccid=c4283dfedd3ee2bf,Radius,"San Francisco, CA",false,30+ days ago,ruby react,san francisco,false,,false,
p_db0a2692dd1ef8bc,Backend Engineer,/rc/clk?jk=db0a2692dd1ef8bc&fccid=8b62c390e026359a,Zenreach,"San Francisco, CA",true,30+ days ago,ruby react,san francisco,false,,true,
p_ea9ad343f1fa57f8,Senior Software Engineer,/rc/clk?jk=ea9ad343f1fa57f8&fccid=0a891d9f21f7e968,Pillow,"San Francisco, CA 94103 (South Of Market area)",true,30+ days ago,ruby react,san francisco,false,,true,
p_357745436f8db7e5,Senior Software Engineer,/rc/clk?jk=357745436f8db7e5&fccid=a30cb023664efb79,PowerReviews,"San Francisco, CA",false,11 days ago,ruby react,san francisco,false,,false,
p_9ca87d08287bab47,"Senior Software Engineer, Mobile Full Stack",/rc/clk?jk=9ca87d08287bab47&fccid=225e8490f1c5921b,Cisco Meraki,"San Francisco, CA 94158 (South Of Market area)",false,30+ days ago,ruby react,san francisco,false,,false,
p_b14bb85cb1dba310,Backend Engineer,/rc/clk?jk=b14bb85cb1dba310&fccid=7d3b9c4cfbe2ef23,OnboardIQ,"San Francisco, CA",true,30+ days ago,ruby react,san francisco,true,06/09/2016 21:48,false,
p_33ee2bc85e28dcc8,Front End / Full Stack Engineer,/rc/clk?jk=33ee2bc85e28dcc8&fccid=fdce7b6d95f04bea,Trumaker,"San Francisco, CA",false,30+ days ago,ruby react,san francisco,false,,false,
p_fd48a1102d665302,Software Engineer,/rc/clk?jk=fd48a1102d665302&fccid=2e969d559c23dcef,Surelock Ventures,"San Francisco, CA",true,27 days ago,ruby react,san francisco,false,,true,
pj_716299e83977ad95,3454-Front End Web Developer IV,/pagead/clk?mo=r&ad=-6NYlbfkN0BsKQI0TTiZKtRv_VHghD1HBRMRtHYRjmEe5OwbA0REBBR8qhbjm23Jxh32JjKttrUNtkz4tMaqiV5ViNMwDyQD-2mFXJD3SUf4mq30H-wwmNPTN0FI0Wt8FO7UsU_acahp4nkU2CCyRSVF4Nerz2Tp2yZCm-Pt5os-jl_RcIB7-_A1_ULxrcqgEhcmNaGGpwqRr0MTw3QFn5SPBxHnEFyaZZBe-1XEBhL39NIQY_LzgvwKXAahIYGIBEA8NG4Kioiyd-O_5LykJQrWXkYdDcTzgm0Qahqlx8_VzoIwRG3nYqbc2kkPrKHd9CManSxDlheZ9FOLOnusWwmq-UmJsvfzZpw_OuiQq69re-EMX9Ng6UXQLcl8o1VwWSLJsdIyvYDLyWi-wOb41mc9Xp8mDzFpoeAmkQ7vy0KeUN8rgKr_enOsndSNJGH05ASGdcKBKKSHt64vmVcK58MpbIooH3EboKx_E5Ph9jslA9JSFha216DaNuvK-xLXyuGRM-d1rsn6RzrQv5Ic3onABAcMPph4in8izCcqQrHr-4aUAWLQ38E4rwgd_tqoqlSKMlSYAcxRhytygXa5baveT1ki5nGZLPiKj6npaAquGnW2xdL9F6UvL57G97U_2d_haA5v53fFOZc2_vJZ5gZv7lZYy3s2&p=5&sk=&fvj=0,Modis,"San Francisco, CA",false,13 days ago,ruby react,san francisco,false,,false,
p_5355a16c31838577,Software Engineer - Web,/rc/clk?jk=5355a16c31838577&fccid=f59632831bfda95b,Lantern,"San Francisco, CA 94110 (Mission area)",false,16 days ago,ruby react,san francisco,false,,false,
p_fa37250a20e2d70f,Sr. Software Engineer (Ruby),/rc/clk?jk=fa37250a20e2d70f&fccid=8f8b6e12d2c9f39f,Fingerprint,"San Francisco, CA",true,13 days ago,ruby react,san francisco,false,,true,
p_821c74e98a5d8d37,Frontend Engineer,/rc/clk?jk=821c74e98a5d8d37&fccid=dae11deaf625e9df,AnyPerk,"San Francisco, CA",false,23 days ago,ruby react,san francisco,false,,false,
p_2c8bda4966dfc223,Full Stack Engineer,/rc/clk?jk=2c8bda4966dfc223&fccid=a292f3c3173416ca,Replicon,"San Francisco Bay Area, CA",false,30+ days ago,ruby react,san francisco,false,,false,
p_04f643da12223718,Tech Services - Full Stack Engineer,/rc/clk?jk=04f643da12223718&fccid=f766f8bfbc3effb7,Uber,"San Francisco, CA 94105 (Financial District area)",false,30+ days ago,ruby react,san francisco,false,,false,
p_bb19190097e43f39,Software Engineer,/rc/clk?jk=bb19190097e43f39&fccid=4dceb57658279151,Notable Labs,"San Francisco, CA",false,4 days ago,ruby react,san francisco,false,,false,
p_80291348a75d591b,"Software Engineer, Full Stack",/rc/clk?jk=80291348a75d591b&fccid=225e8490f1c5921b,Cisco Meraki,"San Francisco, CA 94158 (South Of Market area)",false,30+ days ago,ruby react,san francisco,false,,false,
p_63bc829c30acdca0,Sr. Software Engineer (Node) - Storefront and Merchandising Team,/rc/clk?jk=63bc829c30acdca0&fccid=8734a12ed1d7ba12,BigCommerce,"San Francisco, CA",false,22 days ago,ruby react,san francisco,false,,false,
p_0aa9420e391fac50,Software Engineer,/rc/clk?jk=0aa9420e391fac50&fccid=dfc44f3b8c44a6db,"Cisco Systems, Inc.","San Francisco, CA",false,14 days ago,ruby react,san francisco,false,,false,
p_65f6266a18e5b769,"Sofware Engineer, Mobile",/rc/clk?jk=65f6266a18e5b769&fccid=217bc2676cf508aa,Vida,"San Francisco, CA 94110 (Mission area)",true,27 days ago,ruby react,san francisco,false,,true,
pj_ed0027b4c8f473d2,"Senior Full Stack Developer- Ruby, Angular.JS, AWS",/pagead/clk?mo=r&ad=-6NYlbfkN0CpFJQzrgRR8WqXWK1qKKEqALWJw739KlKqr2H-MSI4eobVtoXfYYqICKIOP9QB9BxTVvMpfxzN3_zxN7FC0n9tV6mUDSM85vpNDl-imHt_w2gQqYbdQHEtukfZE1r-Pfe2FCr2Y3FkO1soRQ08OmI8h-okFSZL5gkUsFPrM0fGlvFqAz9Md87my5BQvaG-LRvyCMKR6KiUZ4g4QUnleHC2lE7W_EUduwkoQ4TI6rFeN7e88m7h7FU1_aKw1lMdlJe0lG88JImRPYRGA6h44m3L9UNdY1ERs5lkWmZC5tj0Of_pcnEkkVTZ4E6mNzGhmloyL2MFMHMWT42Vyf57jxzw3j1K372mO1t1fCfM5MCpq3KsHrJmZ4xx6jWGEvnbO4McCVFElgII2O4eKMPiTX6UwaLqyILn0pDuWJ5xjCOOphto_KGgRZfStxiQLIERiMiWSz6eGdhbBhev8GpfJ3F0XJj5zZ7aN0JZW4khY17EtlARaee3lL99wVJdwprqNSFbWfAhzVBCPtxTDmUw9iUMYsxfd8bkTN5lZXyCPkIU0-kaHHnggaveVSzH1rSSJFcmkyjdEyLGxv65Qei9PHsuT5u7VXEXyUw0-qXgBxYbyQi_TZbXxwkquz9AbM213mQ1qjldqSDrqYcdDrKnBr8d&p=5&sk=&fvj=0,CyberCoders,"San Francisco, CA",false,30+ days ago,ruby react,san francisco,false,,false,
p_8db610dfdf7f4066,"Software Engineer, Java",/rc/clk?jk=8db610dfdf7f4066&fccid=b85c5070c3d3d8c8,Capital One,"San Francisco, CA",false,4 days ago,ruby react,san francisco,false,,false,
p_5bf654b5d7d7dd6e,Senior/Lead Software Engineer - Back Office Systems,/rc/clk?jk=5bf654b5d7d7dd6e&fccid=f287b6189e174df5,thredUP,"San Francisco, CA 94104 (Financial District area)",true,18 days ago,ruby react,san francisco,false,,true,
p_415c2e4c70c02618,Senior Software Engineer - Java,/rc/clk?jk=415c2e4c70c02618&fccid=b85c5070c3d3d8c8,Capital One,"San Francisco, CA",false,27 days ago,ruby react,san francisco,false,,false,
p_2f7cd6e4bf5c30a8,Senior Software Engineer,/rc/clk?jk=2f7cd6e4bf5c30a8&fccid=f61b9c6e300e3c76,Demandbase,"San Francisco, CA",true,30+ days ago,ruby react,san francisco,false,,true,
p_451a14949e76d149,Front-end Engineer,/rc/clk?jk=451a14949e76d149&fccid=2a6a9476dbf05e06,Tripping.com,"San Francisco, CA",false,30+ days ago,ruby react,san francisco,false,,false,
p_fb87d1f92b34ce39,Senior Front End Developer,/rc/clk?jk=fb87d1f92b34ce39&fccid=553984a4a3d59bfb,Expa,"San Francisco, CA 94107 (South Of Market area)",true,30+ days ago,ruby react,san francisco,false,,true,
p_75b0e447a904da72,Senior Software Engineer,/rc/clk?jk=75b0e447a904da72&fccid=609398f866ce15ce,FutureAdvisor,"San Francisco, CA",false,30+ days ago,ruby react,san francisco,false,,false,
p_274c75c9553ef2b3,Senior Front End Developer,/rc/clk?jk=274c75c9553ef2b3&fccid=b85c5070c3d3d8c8,Capital One,"San Francisco, CA",false,30+ days ago,ruby react,san francisco,false,,false,
p_04e194380d46ae04,Product Engineer,/rc/clk?jk=04e194380d46ae04&fccid=55ee166b569360cc,Inflection,"Redwood City, CA",false,30+ days ago,ruby react,san francisco,false,,false,
p_cb216cd4f07496ed,"Full-Stack Software Engineer, Interactive Visualization",/rc/clk?jk=cb216cd4f07496ed&fccid=60e51d7a73f88296,Metamarkets,"San Francisco, CA 94107 (South Of Market area)",false,30+ days ago,ruby react,san francisco,false,,false,
pj_d0b8e228ff73c2a3,Senior Software Engineer,/pagead/clk?mo=r&ad=-6NYlbfkN0CpFJQzrgRR8WqXWK1qKKEqALWJw739KlKqr2H-MSI4eobVtoXfYYqICKIOP9QB9Byasb7hIa-O4NpTXsXaTSEzFTV15wfC_6dWSe-ZWZOsm0-llEgGide1LCKjlu2PDtvsGpT4M7ESHOFfOUyZxiA9oFsO7NGAQtG7Zvxlc1aISJLxc62hANHGbCALTMA9u0tu8vMtHjG7caKtJi1ivD8K_lFNgnTbHHA3_beO-ICDWnLT4YybF0eSFX7bh6a7RrL_8ruVpEp0XwgLSbMXaZ2aMUIZxN1b8fD6sTy48NmatHZeF25isqdW1G_U0klbduQqehIiOpj5HcivmZ2s4RTmHaJmyZ_UH0sv-c57E2t5MEv6OAOUw7sYyRsWEoYvSUXfxUni06gBGTQhLaYbgzS4APYskNH9lXAt7DgzZ08_Lvi8GSjGUqMohS8DE0CRWJOyn5-a8pICy_E4fqLZzDYrKGQ3IO5dy26jIvReYP2L-q5bESuFoSBWFb7rylbjjdrZQAqhpb0XgmXYkcv2lSEoBL7GzwPkA4z2Ub5fXVgL64eSJK328CpJQSACjeumQo3B4bYvfuZlGRhHOSoMenU_1mkLTtQgpkiFy2td83yxOKHhGqDM1clmMM-tvNrzno_H5ncW-iGicmmtU5y1pd5a&p=4&sk=&fvj=0,CyberCoders,"San Francisco, CA",false,11 hours ago,ruby react,san francisco,false,,false,
pj_1ed6a42bdc0448a5,DevOps Engineer- Relocation Opportunity,/pagead/clk?mo=r&ad=-6NYlbfkN0D9Z_NigMRFBqnj4_9rPbMnaYMSgnKsRu0gcL5XJCnD3S2EcCn52u9JXtIhBOse21dCbw6HDd1YBL0DKKGFZlb5kdQmR5rls2rnhod1h_gDdZWoWw0ZMSifPc9I_llzY2z5bfArSHKAr3zdw-nX3HAUR0jJAddNhVgeIMKDGoqrp_wRldaQMuYH4bFHFyIEwYiNCc4zbzpCwoBuwV4OPdonjF4itYXJie2ZrGvRcOvfrgq-bJKWE2Lvbl0gd8GjQ5Dyu4k5kni76Oisx49Epb3aJmQU7twnYPQeR2dL45yvdGgrQyDgsN1mWZZ3TQrebfFXX0qRRZh1gLiIzZlOOJIngRs1qqU8wwA0S-7ZEf0QbvKxFj3qCWhCXnWkuVdrIW_T22Ci7zW87mmHarQgUhs6VAle6W2X5EEoE13oY4I2w9AMDr9gIqNvYqHxd1r5FX_X7e-rVQplJfJ1R7AvHTU5Bd08AR0PjAHBI2Jd4-9LJqfgH-ZyWNoxYv04u4u5o0x5gYdLYDPUU6LiNg_V8n19JTYb82r2dn1SSr6h33Royzf3UPSVGW2U_ntRU6NUzEhGEIQSHCSv4EpX-8VdxA_3i193LlE5Ev0FDbunWPZb_VQd_Xr2qvdMLfSfTHw9BycWZNsSvIfqItVbAie2hVMnel2uMEpsVhPN_tgB3CpdVfXFmxTgwMtF-c2ssQpfTpxA4UZHWcxLzRxVo1n-6wDnjOYcNfdVSNYJfL8BdRClpsJejspFuIz1XZ-LHjcmi0ThAsgw_Aab3Oz85hf_rLqhwkfVPHVZhWITBZUTRkPTFXQxoRnHaQB1o0O3GLtocCFemuWAlN0KjWo6LXZtbHug7AUrzQWy9YY5AZscXAE6JvhU_rbXzHzoeU_VbsgQrHvVH7im9uqp4g==&p=1&sk=&fvj=0,"Amazon Web Services, Inc.",United States,false,30+ days ago,ruby on rails,san diego,false,,false,
pj_6e6582b16a60a6df,Software Development Engineer- Relocation Opportunity,/pagead/clk?mo=r&ad=-6NYlbfkN0D9Z_NigMRFBqnj4_9rPbMnaYMSgnKsRu0gcL5XJCnD3fAN5Vir87aLjFGm6jVWhz8z53CpZAdm9wwWZuMzkFJS2Fff0ZnTA41p9MXzGRZJ371gzImvm6_oWXBgaMI_3UTqZvVpiL84uvA8lZimZTAPk-yguGzms0k24OfCJ1s9RtsPozCDgdtOpb66wFxcar47CQBck-zMy5DogZHXnqoNZLVHUcX97RQXCzVgy6VfwI-MsAW09AwtDx-WTpCeom9Po3eHm6qxTFHF3qDZEZZhXMPNSNnJ94FOvbe0XCcKD-oWOVBeSg-KpD050KtGQc2wSBWXC58Ym4b-ADi_R-yA-fikwF1oyv8C7rqozLurioQ5sl80LL2UO0sAxlwb03aGMFykCQU7XrMvfppY60zLLC23ZaGphQUxBJB5AO-GxaWSOqyJvVIS4NRC1XSYx8HcYWkwCI2u3Dxt9lg5uE14G4uy-02-g0UTjfczppOZugdeoRZpLkja8yunPLevi_czl11aNje57G7oQpWRncXX19Rb_o1w-jl4lYQEP4Jd30GOiygK5eAcaClINdc5hCSRCacYxt_dk_V2xlM4eNwf3t1xry9qQOtV5NhgLeccwFfT1NfKQfNOST_ncUXIMDrS8OTSkk__45V6jr1OznBP_P0ZbVxRI5QbYOHL-DDErZPo-yNmClKhw54z35QXcRUQVPi2OiPEB8QohocVpbeGUPZXOZjYG3iwTBC1qR81GpUG8eN4apA_V-V82yDaMQeRNmNKAM6Kzc5mWKmBNC8_lM0QMYcog8YZTpepBQi5scQP4nQ8bRJGYzHNfEuwP0tFM-Z9kJHqUC4PMGdrfmyIbQMfRZbXbNmmzw05noDbB27NFJb4yhXEs24VxKA7DNBEad9v31hMYyok2HfrjBvUW1VG9OApwIs=&p=2&sk=&fvj=0,"A2Z Development Center, Inc.",United States,false,30+ days ago,ruby on rails,san diego,false,,false,
pj_22c8fd9fd65cc2fc,Senior Software Engineer - Ruby on Rails,/pagead/clk?mo=r&ad=-6NYlbfkN0AFmRCSUZ6MKke83jw-IPGmsguxXu6ItMPUvXFHbOlP7HKhEtlVCEfm-YbFD2x15Rr8uDeC11nOh1XnB-4-EHCsQZBcfjeZfdQkzbjKoGfioeqgI5gnnrTuLyZH2eya77ac4HRMJTpdAsJtdnADOv7aLA8LVMFK9WKRZU20OX5GhEKCKdrYWgt9MiZMZCtZAr7-4AZl_OvmP92LjhvLBYelClsPR-xdZ_GlHSBztDAAYx_IQ2vGg7cGnlPanEkVhqXpG8NSmNQJgQiFnk0UYOpW1hnnb8YFYZRzo-z-s0MJimS4FrpWPGHKWWgSLdcdPdJ3vePS23Rk9r7wkMdJEpgQ8uZqe51J59O-uzhAaZoTKYP1LoG6NTEBZg6yBesk4T5nbKYe0bitSMnLco0ilw9aPegK8TKuf9_UiGW24TjNgAgYcfWgQ0eMUKmX3x8QERRJfNa546CDzUEYx2oFey4auBPEruyyn1LCBsE0fhP1XelKXMwWKpaBIzj-yLNv_upsGbdvBaSjTqTDtk-77hVlRmzLz5104vlCsBR3howSAr1w6d5iBXRGxDGbIQzKTUXePRadMVtNkIEoYD0Gf-2U&p=3&sk=&fvj=0,VerticalMove,"San Diego, CA",false,28 days ago,ruby on rails,san diego,false,,false,
p_ae6cc978e53b255c,Ruby on Rails Developer,/rc/clk?jk=ae6cc978e53b255c&fccid=2f4e6e86a07272a2,Bandsintown,"San Diego, CA",true,19 days ago,ruby on rails,san diego,false,,true,
p_f3beebe5e2af0f12,Senior Web App Developer – Ruby on Rails,/rc/clk?jk=f3beebe5e2af0f12&fccid=13648936d7686378,Parallel6,"San Diego, CA",false,23 days ago,ruby on rails,san diego,false,,false,
p_27dc98f73e1377f6,Web Development Teaching Assistant,/rc/clk?jk=27dc98f73e1377f6&fccid=70ffea20507501b6,Trilogy Ed,"San Diego, CA",true,8 days ago,ruby on rails,san diego,false,,true,
p_fdfcda10f9098e71,Software Engineer,/rc/clk?jk=fdfcda10f9098e71&fccid=1a5bf8d2e39d8e2e,AppFolio,"San Diego, CA",false,22 days ago,ruby on rails,san diego,false,,false,
p_a0da6f2ef517575c,Rails Developer,/rc/clk?jk=a0da6f2ef517575c&fccid=a513f0c9a4c7c89b,SDHR Consulting,"San Diego, CA",true,30+ days ago,ruby on rails,san diego,false,,true,
p_6f81058ccdc8c7d6,Front End Javascript Application Developer - Clover,/rc/clk?jk=6f81058ccdc8c7d6&fccid=baacf9d6af3c5290,Ministry Brands,"San Diego, CA 92110",false,25 days ago,ruby on rails,san diego,false,,false,
p_7e447022c92adf7d,DevOps Infrastructure Software Developer - Enterprise Job,/rc/clk?jk=7e447022c92adf7d&fccid=156c7820d1988640,SAP,"San Diego, CA",false,7 days ago,ruby on rails,san diego,false,,false,
p_b1e01d9f3785ccc5,Web Development Instructor,/rc/clk?jk=b1e01d9f3785ccc5&fccid=70ffea20507501b6,Trilogy Ed,"San Diego, CA",true,8 days ago,ruby on rails,san diego,false,,true,
p_900f38bf9bfa0a2a,Senior Ruby on Rails Developer,/rc/clk?jk=900f38bf9bfa0a2a&fccid=0e5632e2ce9eba8e,Deluxe Entertainment Group,"Solana Beach, CA",false,23 days ago,ruby on rails,san diego,false,,false,
p_f0602478593511cc,Principal Software Engineer,/rc/clk?jk=f0602478593511cc&fccid=1a5bf8d2e39d8e2e,AppFolio,"San Diego, CA",false,13 days ago,ruby on rails,san diego,false,,false,
p_b73dc74d07e88c28,Full Stack Software Engineer,/rc/clk?jk=b73dc74d07e88c28&fccid=2dd14c87d68d63d8,TEKSystems,"San Diego, CA",false,4 days ago,ruby on rails,san diego,false,,false,
p_4ec822037f42d882,Ruby on Rails Jobs - San Diego,/rc/clk?jk=4ec822037f42d882&fccid=f7292657b6d6d876,Postings.com,"San Diego, CA 92101",false,21 days ago,ruby on rails,san diego,false,,false,
p_873d39b63ad8d35e,"Software Engineer (San Diego, CA)",/cmp/DiaTechOncology/jobs/Software-Engineer-873d39b63ad8d35e?r=1&fccid=7a9cabd921c2ecf0,"DiaTech Holdings, Inc.","San Diego, CA",true,30+ days ago,ruby on rails,san diego,false,,true,
p_e2e617bbfbe290a9,Senior Ruby on Rails Developer,/rc/clk?jk=e2e617bbfbe290a9&fccid=51a1f497aabb71ec,Deluxe Entertainment,"Solana Beach, CA",false,30+ days ago,ruby on rails,san diego,false,,false,
p_2befc003dcc81f8f,Gaming Programmer,/cmp/Vertisystem-Inc./jobs/Gaming-Programmer-2befc003dcc81f8f?r=1&fccid=39fc336dbe656a0f,Vertisystem Inc.,"San Diego, CA 92121",true,30+ days ago,ruby on rails,san diego,false,,true,
p_b2416450808b4443,Director of Technology,/rc/clk?jk=b2416450808b4443&fccid=a6920e0a635e5c4e,Workbridge Associates,"San Diego, CA",false,3 days ago,ruby on rails,san diego,false,,false,
p_9545372369bc8d04,Online Programmer - Entry,/cmp/Vertisystem-Inc./jobs/Online-Programmer-9545372369bc8d04?r=1&fccid=39fc336dbe656a0f,Vertisystem Inc.,"San Diego, CA 92121",true,30+ days ago,ruby on rails,san diego,false,,true,
p_030e17e55b9146be,Sr Software Dev Engineer - Java Developer,/rc/clk?jk=030e17e55b9146be&fccid=b0f0830995496d57,Outerwall,"San Diego, CA",false,8 days ago,ruby on rails,san diego,false,,false,
p_e86bec23d757fee8,Web Application Engineer - Ekklesia 360,/rc/clk?jk=e86bec23d757fee8&fccid=baacf9d6af3c5290,Ministry Brands,"San Diego, CA 92110",false,30+ days ago,ruby on rails,san diego,false,,false,
p_168e7a8a77b4d574,Cloud Solution Architect,/rc/clk?jk=168e7a8a77b4d574&fccid=734cb5a01ee60f80,Microsoft,"San Diego, CA",false,10 days ago,ruby on rails,san diego,false,,false,
pj_116573a6f84e3b17,ICQA Data & Reporting Analyst- Relocation Opportunity,/pagead/clk?mo=r&ad=-6NYlbfkN0D9Z_NigMRFBqnj4_9rPbMnaYMSgnKsRu0gcL5XJCnD3fAN5Vir87aL53tuqxorKORi3Y3Hn7-vizmpAQ1w9kT_YBsHs4urI62JrRZFmkmDQ8U1ZxGxZwDoxiO5WB1SG1zTwX1omxRY7KzJsIC8StEhG4WxKsKMbRJEFL4_VsAo65RkcIZfI9rVqNQ7ioaPgMRH1DcRos-iKq5086Z_lY4p8qbVSFw6MIZpiyOrQR9fmwx_drFOxKgN-BZP2OxxIalFrlz1XpYaHE9QqK6NXgyq3VtUzV1GqkmlDUe6gFKpKkPq5Y3nGyr77U0UeREHdkzRu6tEXF3lgdfrNJtz4K8HeDL_qIhs2aB0SOxDtnUOo_Npk-0DvI4NP4n-bARRWmW6ex07DLa9LgfcSodOO7cOV_uKdC-UzktyIhUswcWG8kiqzwqJC0IbG5aguZLaW5jnOXV2jbJe8CllOz4FgRwGJJSXK9fM34VgiOvK4ScQJM4doiNTqPplyMolk0F8UM5s2Uqms-fQ9EOh7yOleKMcymeaCkEC8OoRg6obOs3ZY4BwMMFIOGR_S804oR_Ew7o2S7dUj6KBJpaw3No75kbaBkqmBX4XCaWxXyU5OP7RATlUJyQA252veoHYMlOUbf5V9IQezm5JNmda4-YoI5FVUN-LrrntayeTmk63XHiFurf_ZO4iW7he9Jvj8aanJtKGxUdHbPCrCor22eV3iLDsqnO0xAUxPQnwMAZdeV0BJBwbujiDJcQRR5IsBZsTHqePQ2iuweQePayP5dLSnCRiOH6UTXr6KGAt-e6KxRRWaAjITm8MGu6cq_mGuhgd_2Tviy97Yxw8bMP63dZsYT1PNZ1a42wIJ8XQkSU-0XXgCCbNAsfDjZgPu3W6kUB14Q-PjSk8v9nJum8yfxLRO9J4cIc4gpVOV04=&p=2&sk=&fvj=0,Amazon.com dedc LLC,United States,false,6 days ago,ruby on rails,san diego,false,,false,
p_6036753d941200ce,Sr. Software Engineer,/rc/clk?jk=6036753d941200ce&fccid=1a5bf8d2e39d8e2e,AppFolio,"San Diego, CA",false,30+ days ago,ruby on rails,san diego,false,,false,
p_4cb8dc4a006834ed,Instant Ink - Project Manager,/rc/clk?jk=4cb8dc4a006834ed&fccid=1b866506aec22461,HP,"San Diego, CA",false,30+ days ago,ruby on rails,san diego,false,,false,
p_e21ed8b952192ad9,Director of Technology (Ruby on Rails),/rc/clk?jk=e21ed8b952192ad9&fccid=a79a38e5450626bb,VIA Technical,"San Diego, CA 92101",false,10 days ago,ruby on rails,san diego,false,,false,
p_033b19264c5537aa,Ruby on Rails and C++ Jobs,/rc/clk?jk=033b19264c5537aa&fccid=f7292657b6d6d876,Postings.com,"San Diego, CA 92101",false,19 days ago,ruby on rails,san diego,false,,false,
p_77b5e902259de792,Instant Ink - Web and Database Developer,/rc/clk?jk=77b5e902259de792&fccid=1b866506aec22461,HP,"San Diego, CA",false,30+ days ago,ruby on rails,san diego,false,,false,
p_0342af4098de4d25,Software Engineer - Python Developer,/rc/clk?jk=0342af4098de4d25&fccid=dd764791c773b58d,ProMedia Careers,"San Diego, CA",true,30+ days ago,ruby on rails,san diego,true,06/09/2016 22:09,false,
p_245db6e8b8e5b5f7,Sr Mobile QA Engineer - Enterprise Mobile Security Applications,/rc/clk?jk=245db6e8b8e5b5f7&fccid=f1a4ee483bf26b1d,TriStaff Group,"San Diego, CA 92122",true,27 days ago,ruby on rails,san diego,false,,true,
p_30a5b6697a8a3364,"IT Security Administrator, San Diego, Vulnerabilities & Risk",/rc/clk?jk=30a5b6697a8a3364&fccid=192f912d620dafc8,Computer Futures,"San Diego, CA",false,30+ days ago,ruby on rails,san diego,false,,false,
p_e6cf2e190411b22e,Full Stack Web Developer,/rc/clk?jk=e6cf2e190411b22e&fccid=afd94f3c0bebeb2d,Nyansa,"San Diego, CA",false,8 days ago,ruby on rails,san diego,false,,false,
pj_12c9a9ea281589fb,ICQA Data & Reporting Analyst- Relocation Opportunity,/pagead/clk?mo=r&ad=-6NYlbfkN0D9Z_NigMRFBqnj4_9rPbMnaYMSgnKsRu0gcL5XJCnD3fAN5Vir87aL53tuqxorKORM3xYBYOu3HHVC54l-fAI6xtLyl7UZwijdTUTD5-nRAY9PrY4OmIhKb85PT2oDsm_VSS5I2AwsJ_Xrc3koWnra4AUkeSjyHOWmWmw1jCh76JVETRCJt8GUjVh-GJQZjVgU8bXafpmOUVMvFbgW2q59sa7pwLrCjhKiS8-gBIMVNIwIMBEP-_1VOPL1cy0k5ATu4VLOuDTj-FTP2yoHOg_bg5zJe4ohJwWwQ-0fwvvkwy4tLNmJ3P4utzR-gILWtwzSLh2t0KwYg4UBMcoLZxCk6goUadMM20orouicT1U_TRs8VolAqSm5ITqa3db1-9ItLdupJUofD5gyjvG2gX3RYH9sfwhRwDwP_91RIYrPSNCZxZh18EUmWbrIAMJJr0F3YDEYCe7FAorF5i4gMt7Ucpkm4yxIyAjxrvT-9UwqSJrOD5U6m6Mt6JWvwcqdMXuMJhXffHf1wNt_KBREsqgd3Clpz_c5zsP1i2ymceOG6Ae6PHE5vCTtQXuMMhaLWwZMRfVcnDU9cU72AOYmhG4-81YLxIFY9TDUzT_I0Xv-2MwLolbZ2hZZSoVlH6n-gkuRUSQn9RHQXJtVZc9MI5gGGqTqk3fU2ZvI23RUlN4si_ccy_fBKlqT39Ojl8_eWHHfHAXBpYOY1LzLFH7sBlmQsvbILYjhRcWSwlOt--egdGYqpTOBxhrQnm03g2Ah6pMs1G5Kb7__AR1O4X-SOufOZdZI_R82ir-LuSGPwecbXpDNq5E0eeEnRmvp4arQJKqrOmPFNN0tMTa3KgsrYIgGFxQwJ8NCu3Esi48VICFIBuFSwOfYNxVL4Mhr3q8AH0b8fyFruBC2a_ZxAegCTa9BHCamSasYSwc=&p=5&sk=&fvj=0,"Amazon Fulfillment Services, Inc.",United States,false,11 days ago,ruby on rails,san diego,false,,false,
pj_13f8ac166cdf0242,Rails Developer,/pagead/clk?mo=r&ad=-6NYlbfkN0AFmRCSUZ6MKke83jw-IPGmsguxXu6ItMPUvXFHbOlP7HKhEtlVCEfm-YbFD2x15RrgyaPQwApb-Vtx3VIji66k4BHaIIfMxykkYweP7mvdlN-Xi9Yg6Ltxb_hk4qnWFrOSfinC1QDRmI_b29DGqiMpDVrJC57Rk4LQGfA3uDBqrxRIkb2jt5eCg1SXf0MO_In79QPedt099nCT-fXCVS7xYzSCsy3hrdEaP7kjC5P8HiuMco-Ygr3Wx1wsOlI3kx683NFs-30h0mcBMA9xSkAozK1ytsb263He3lvl2ovJIi1ajACwKGJebgUOW2VtFi33PQCcq-9utdhPjgiZ4gNtU37yVcqmTkZqiU2f3781OOUqENiyi6gYdCLt8P-tuhB3LDou3Q9_w19nScLbKgWXHTgqQLIq1V1BPQNlijmpB9bWQKQp066WxzeCeT0qTDKaSa27u2VsoHRimrLGmEI6rfGzwFceGuVkCPRaFdgXqZcIe_AQpvpwlYFTnlChShh7WkLIExU_PGpl9bzrkCQaj_eH7ZewxN5Uyr6cxvcfiHuTf3wGcINXpiEVn6Dg24cOMtVzkG6j7KQMsE8upE063EGox6TM5cw=&p=5&sk=&fvj=0,Amco,"San Diego, CA",false,7 days ago,ruby on rails,san diego,false,,false,
